Workbook

Sheet Sheet1
A1: ProductID | B1: Product | C1: Category | D1: Price
A2: 101 | B2: ProductA | C2: Electronics | D2: 120
A3: 102 | B3: ProductB | C3: Furniture | D3: 150
A4: 103 | B4: ProductC | C4: Electronics | D4: 200
A5: 104 | B5: ProductD | C5: Clothing | D5: 90
A6: 105 | B6: ProductE | C6: Furniture | D6: 220
A7: 106 | B7: ProductF | C7: Electronics | D7: 130

Sheet Sheet2
A1: OrderID | B1: ProductID | C1: Quantity
A2: 1 | B2: 101 | C2: 2
A3: 2 | B3: 103 | C3: 1
A4: 3 | B4: 105 | C4: 4
A5: 4 | B5: 106 | C5: 3
A6: 5 | B6: 102 | C6: 5
A7: 6 | B7: 104 | C7: 6

Sheet Sheet3
A1: OrderID | B1: ProductID | C1: Quantity | D1: Unit_Price | E1: Total_Price
A2: 1 | B2: 101 | C2: 2 | D2: =VLOOKUP(B2,Sheet1!$A$2:$D$7,4,FALSE) -> 120 | E2: =C2*D2 -> 240
A3: 2 | B3: 103 | C3: 1 | D3: =VLOOKUP(B3,Sheet1!$A$2:$D$7,4,FALSE) -> 200 | E3: =C3*D3 -> 200
A4: 3 | B4: 105 | C4: 4 | D4: =VLOOKUP(B4,Sheet1!$A$2:$D$7,4,FALSE) -> 220 | E4: =C4*D4 -> 880
A5: 4 | B5: 106 | C5: 3 | D5: =VLOOKUP(B5,Sheet1!$A$2:$D$7,4,FALSE) -> 130 | E5: =C5*D5 -> 390
A6: 5 | B6: 102 | C6: 5 | D6: =VLOOKUP(B6,Sheet1!$A$2:$D$7,4,FALSE) -> 150 | E6: =C6*D6 -> 750
A7: 6 | B7: 104 | C7: 6 | D7: =VLOOKUP(B7,Sheet1!$A$2:$D$7,4,FALSE) -> 90 | E7: =C7*D7 -> 540

Sheet Sheet4
A1: OrderID | B1: ProductID | C1: Quantity | D1: UnitPrice | E1: TotalPrice | F1: Category
A2: 1 | B2: 101 | C2: 2 | D2: =VLOOKUP(B2,Sheet1!$A$2:$D$7,4,FALSE) -> 120 | E2: =C2*D2 -> 240 | F2: =VLOOKUP(B2,Sheet1!$A$2:$D$7,3,FALSE) -> Electronics
A3: 2 | B3: 103 | C3: 1 | D3: =VLOOKUP(B3,Sheet1!$A$2:$D$7,4,FALSE) -> 200 | E3: =C3*D3 -> 200 | F3: =VLOOKUP(B3,Sheet1!$A$2:$D$7,3,FALSE) -> Electronics
A4: 3 | B4: 105 | C4: 4 | D4: =VLOOKUP(B4,Sheet1!$A$2:$D$7,4,FALSE) -> 220 | E4: =C4*D4 -> 880 | F4: =VLOOKUP(B4,Sheet1!$A$2:$D$7,3,FALSE) -> Furniture
A5: 4 | B5: 106 | C5: 3 | D5: =VLOOKUP(B5,Sheet1!$A$2:$D$7,4,FALSE) -> 130 | E5: =C5*D5 -> 390 | F5: =VLOOKUP(B5,Sheet1!$A$2:$D$7,3,FALSE) -> Electronics
A6: 5 | B6: 102 | C6: 5 | D6: =VLOOKUP(B6,Sheet1!$A$2:$D$7,4,FALSE) -> 150 | E6: =C6*D6 -> 750 | F6: =VLOOKUP(B6,Sheet1!$A$2:$D$7,3,FALSE) -> Furniture
A7: 6 | B7: 104 | C7: 6 | D7: =VLOOKUP(B7,Sheet1!$A$2:$D$7,4,FALSE) -> 90 | E7: =C7*D7 -> 540 | F7: =VLOOKUP(B7,Sheet1!$A$2:$D$7,3,FALSE) -> Clothing

Sheet Sheet5
B1: Jan | C1: Feb | D1: Mar | E1: Apr | F1: May | G1: Sales
A2: Product A | B2: 120 | C2: 130 | D2: 140 | E2: 150 | F2: 160 | G2: =HLOOKUP(B1,A1:F6,3,FALSE) -> 150
A3: Product B | B3: 150 | C3: 160 | D3: 170 | E3: 180 | F3: 190 | G3: =HLOOKUP(B2,A2:F7,3,FALSE) -> 200
A4: Product C | B4: 200 | C4: 210 | D4: 220 | E4: 230 | F4: 240 | G4: =HLOOKUP(B3,A3:F8,3,FALSE) -> 90
A5: Product D | B5: 90 | C5: 100 | D5: 110 | E5: 120 | F5: 130 | G5: =HLOOKUP(B4,A4:F9,3,FALSE) -> 220
A6: Product E | B6: 220 | C6: 230 | D6: 240 | E6: 250 | F6: 260 | G6: =HLOOKUP(B5,A5:F10,3,FALSE) -> 0
