Workbook

Sheet Products
A3: ProductID | B3: Product | C3: Price
A4: 101 | B4: ProductA | C4: 120
A5: 102 | B5: ProductB | C5: 150
A6: 103 | B6: ProductC | C6: 200
A7: 104 | B7: ProductD | C7: 90
A8: 105 | B8: ProductE | C8: 220
A9: 106 | B9: ProductF | C9: 130

Sheet Orders
A3: OrderID | B3: ProductID | C3: Quantity
A4: 1 | B4: 101 | C4: 2
A5: 2 | B5: 103 | C5: 1
A6: 3 | B6: 105 | C6: 4
A7: 4 | B7: 106 | C7: 3
A8: 5 | B8: 102 | C8: 5
A9: 6 | B9: 104 | C9: 6

Sheet 1ST
A3: OrderID | B3: ProductID | C3: Quantity | D3: Product Name
A4: 1 | B4: 101 | C4: 2 | D4: =VLOOKUP(B4,Products!A4:C9,2,FALSE) -> ProductA
A5: 2 | B5: 103 | C5: 1 | D5: =VLOOKUP(B5,Products!A5:C10,2,FALSE) -> ProductC
A6: 3 | B6: 105 | C6: 4 | D6: =VLOOKUP(B6,Products!A6:C11,2,FALSE) -> ProductE
A7: 4 | B7: 106 | C7: 3 | D7: =VLOOKUP(B7,Products!A7:C12,2,FALSE) -> ProductF
A8: 5 | B8: 102 | C8: 5 | D8: =VLOOKUP(B8,Products!A4:C9,2,FALSE) -> ProductB
A9: 6 | B9: 104 | C9: 6 | D9: =VLOOKUP(B9,Products!A5:C10,2,FALSE) -> ProductD

Sheet 2nd
A3: OrderID | B3: ProductID | C3: Quantity | D3: Price | E3: TotalPrice
A4: 1 | B4: 101 | C4: 2 | D4: =VLOOKUP(B4,Products!A4:C9,3,0) -> 120 | E4: =C4*D4 -> 240
A5: 2 | B5: 103 | C5: 1 | D5: =VLOOKUP(B5,Products!A5:C10,3,0) -> 200 | E5: =C5*D5 -> 200
A6: 3 | B6: 105 | C6: 4 | D6: =VLOOKUP(B6,Products!A6:C11,3,0) -> 220 | E6: =C6*D6 -> 880
A7: 4 | B7: 106 | C7: 3 | D7: =VLOOKUP(B7,Products!A7:C12,3,0) -> 130 | E7: =C7*D7 -> 390
A8: 5 | B8: 102 | C8: 5 | D8: =VLOOKUP(B8,Products!A4:C9,3,0) -> 150 | E8: =C8*D8 -> 750
A9: 6 | B9: 104 | C9: 6 | D9: =VLOOKUP(B9,Products!A5:C10,3,0) -> 90 | E9: =C9*D9 -> 540

Sheet 3RD
A2: OrderID | B2: ProductID | C2: Quantity | D2: Existance
A3: 1 | B3: 101 | C3: 2 | D3: =IF(ISNA(VLOOKUP(B3,Products!A4:C9,1,0)),"NOT FOUND","OK") -> OK
A4: 2 | B4: 103 | C4: 1 | D4: =IF(ISNA(VLOOKUP(B4,Products!A5:C10,1,0)),"NOT FOUND","OK") -> OK
A5: 3 | B5: 105 | C5: 4 | D5: =IF(ISNA(VLOOKUP(B5,Products!A6:C11,1,0)),"NOT FOUND","OK") -> OK
A6: 4 | B6: 106 | C6: 3 | D6: =IF(ISNA(VLOOKUP(B6,Products!A7:C12,1,0)),"NOT FOUND","OK") -> OK
A7: 5 | B7: 102 | C7: 5 | D7: =IF(ISNA(VLOOKUP(B7,Products!A8:C13,1,0)),"NOT FOUND","OK") -> NOT FOUND
A8: 6 | B8: 104 | C8: 6 | D8: =IF(ISNA(VLOOKUP(B8,Products!A9:C14,1,0)),"NOT FOUND","OK") -> NOT FOUND

Sheet 4TH
A3: OrderID | B3: ProductID | C3: Quantity | D3: Price | E3: Discounted Price
A4: 1 | B4: 101 | C4: 2 | D4: =VLOOKUP(B4,Products!A4:C9,3,0) -> 120 | E4: =D4-(D4*10%) -> 108
A5: 2 | B5: 103 | C5: 1 | D5: =VLOOKUP(B5,Products!A5:C10,3,0) -> 200 | E5: =D5-(D5*10%) -> 180
A6: 3 | B6: 105 | C6: 4 | D6: =VLOOKUP(B6,Products!A6:C11,3,0) -> 220 | E6: =D6-(D6*10%) -> 198
A7: 4 | B7: 106 | C7: 3 | D7: =VLOOKUP(B7,Products!A7:C12,3,0) -> 130 | E7: =D7-(D7*10%) -> 117
A8: 5 | B8: 102 | C8: 5 | D8: =VLOOKUP(B8,Products!A4:C9,3,FALSE) -> 150 | E8: =D8-(D8*10%) -> 135
A9: 6 | B9: 104 | C9: 6 | D9: =VLOOKUP(B9,Products!A5:C10,3,FALSE) -> 90 | E9: =D9-(D9*10%) -> 81

Sheet 5TH
A3: OrderID | B3: ProductID | C3: Quantity | D3: Price | E3: Max Order Value
A4: 1 | B4: 101 | C4: 2 | D4: =VLOOKUP(B4,Products!A4:C9,3,0) -> 120 | E4: =MAX(C4*D4) -> 240
A5: 2 | B5: 103 | C5: 1 | D5: =VLOOKUP(B5,Products!A5:C10,3,0) -> 200 | E5: =MAX(C5*D5) -> 200
A6: 3 | B6: 105 | C6: 4 | D6: =VLOOKUP(B6,Products!A6:C11,3,0) -> 220 | E6: =MAX(C6*D6) -> 880
A7: 4 | B7: 106 | C7: 3 | D7: =VLOOKUP(B7,Products!A7:C12,3,0) -> 130 | E7: =MAX(C7*D7) -> 390
A8: 5 | B8: 102 | C8: 5 | D8: =VLOOKUP(B8,Products!A4:C9,3,FALSE) -> 150 | E8: =MAX(C8*D8) -> 750
A9: 6 | B9: 104 | C9: 6 | D9: =VLOOKUP(B9,Products!A5:C10,3,FALSE) -> 90 | E9: =MAX(C9*D9) -> 540

Sheet 6TH
A3: ProductID | B3: Product | C3: Price | D3: Not Ordered
A4: 101 | B4: ProductA | C4: 120 | D4: =IF(ISNA(VLOOKUP(A4,Orders!A4:C9,1,0)),"NOT ORDERED","ORDERED") -> NOT ORDERED
A5: 102 | B5: ProductB | C5: 150 | D5: =IF(ISNA(VLOOKUP(A5,Orders!A5:C10,1,0)),"NOT ORDERED","ORDERED") -> NOT ORDERED
A6: 103 | B6: ProductC | C6: 200 | D6: =IF(ISNA(VLOOKUP(A6,Orders!A6:C11,1,0)),"NOT ORDERED","ORDERED") -> NOT ORDERED
A7: 104 | B7: ProductD | C7: 90 | D7: =IF(ISNA(VLOOKUP(A7,Orders!A7:C12,1,0)),"NOT ORDERED","ORDERED") -> NOT ORDERED
A8: 105 | B8: ProductE | C8: 220 | D8: =IF(ISNA(VLOOKUP(A8,Orders!A8:C13,1,0)),"NOT ORDERED","ORDERED") -> NOT ORDERED
A9: 106 | B9: ProductF | C9: 130 | D9: =IF(ISNA(VLOOKUP(A9,Orders!A9:C14,1,0)),"NOT ORDERED","ORDERED") -> NOT ORDERED

Sheet 7TH
A3: ProductID | B3: Product | C3: Price | D3: Total Quantity Sold
A4: 101 | B4: ProductA | C4: 120 | D4: =SUMIF(Orders!B4:B9,A4,'7TH'!C4:C9) -> 120
A5: 102 | B5: ProductB | C5: 150 | D5: =SUMIF(Orders!B5:B10,A5,'7TH'!C5:C10) -> 220
A6: 103 | B6: ProductC | C6: 200 | D6: =SUMIF(Orders!B6:B11,A6,'7TH'!C6:C11) -> 0
A7: 104 | B7: ProductD | C7: 90 | D7: =SUMIF(Orders!B7:B12,A7,'7TH'!C7:C12) -> 130
A8: 105 | B8: ProductE | C8: 220 | D8: =SUMIF(Orders!B8:B13,A8,'7TH'!C8:C13) -> 0
A9: 106 | B9: ProductF | C9: 130 | D9: =SUMIF(Orders!B9:B14,A9,'7TH'!C9:C14) -> 0
